book_id,question_text,option_a,option_b,option_c,option_d,correct_answer,reference
1,"Siapa yang menciptakan langit dan bumi?","Yesus","Adam","Allah","Musa","C","Genesis 1:1"
1,"Apa yang Allah ciptakan pada hari pertama?","Manusia","Cahaya","Binatang","Tumbuhan","B","Genesis 1:3-5"
1,"Berapa hari Allah mengambil untuk menciptakan dunia?","Tujuh hari","Lima hari","Enam hari","Sepuluh hari","C","Genesis 1:31-2:2"
1,"Apa yang Allah ciptakan pada hari keenam?","Tumbuhan","Binatang laut","Manusia","Cahaya","C","Genesis 1:26-31"
1,"Siapa yang menamakan semua binatang?","Hawa","Adam","Nuh","Set","B","Genesis 2:19-20"
1,"Di mana Allah menempatkan Adam setelah menciptakannya?","Taman Eden","Gunung Sinai","Babel","Kanaan","A","Genesis 2:15"
1,"Apa yang Allah larang Adam makan di Taman Eden?","Buah anggur","Buah pengetahuan baik dan jahat","Buah apel","Buah delima","B","Genesis 2:16-17"
1,"Siapa yang diciptakan dari tulang rusuk Adam?","Hawa","Kain","Abel","Set","A","Genesis 2:21-22"
1,"Siapa yang menggoda Hawa untuk makan buah terlarang?","Iblis","Ular","Adam","Kain","B","Genesis 3:1-6"
1,"Apa hukuman Allah kepada ular setelah kejatuhan manusia?","Berjalan dengan kaki","Menjilat debu","Menjadi buta","Kehilangan suara","B","Genesis 3:14"
1,"Apa yang Adam dan Hawa buat setelah makan buah terlarang?","Bersembunyi dari Allah","Menyalahkan satu sama lain","Berdoa kepada Allah","Meninggalkan taman","A","Genesis 3:8"
1,"Siapa anak pertama Adam dan Hawa?","Kain","Abel","Set","Nuh","A","Genesis 4:1"
1,"Apa pekerjaan Kain?","Petani","Penggembala","Tukang kayu","Nelayan","A","Genesis 4:2"
1,"Apa pekerjaan Abel?","Petani","Penggembala","Tukang kayu","Nelayan","B","Genesis 4:2"
1,"Siapa yang membunuh Abel?","Adam","Kain","Set","Nuh","B","Genesis 4:8"
1,"Apa tanda yang Allah berikan kepada Kain setelah dia membunuh Abel?","Tanda di dahi","Tanda di tangan","Tanda di kaki","Tanda di dada","A","Genesis 4:15"
1,"Siapa anak Adam dan Hawa yang menggantikan Abel?","Kain","Set","Nuh","Lamekh","B","Genesis 4:25"
1,"Siapa yang hidup paling lama dalam Kitab Kejadian?","Metusalah","Nuh","Adam","Lamekh","A","Genesis 5:27"
1,"Berapa tahun Metusalah hidup?","969 tahun","777 tahun","500 tahun","120 tahun","A","Genesis 5:27"
1,"Siapa yang ""berjalan bersama Allah"" dan tidak mati tetapi diangkat?","Henokh","Metusalah","Nuh","Lamekh","A","Genesis 5:24"
1,"Siapa bapa kepada Nuh?","Lamekh","Metusalah","Henokh","Set","A","Genesis 5:28-29"
1,"Apa yang Allah perintahkan kepada Nuh untuk membina?","Bahtera","Kuil","Kota","Taman","A","Genesis 6:14"
1,"Berapa lama hujan turun semasa banjir besar?","40 hari 40 malam","7 hari","100 hari","1 tahun","A","Genesis 7:12"
1,"Apa yang Nuh lepaskan untuk melihat jika air telah surut?","Burung merpati","Burung gagak","Kedua-duanya","Tidak ada","C","Genesis 8:6-11"
1,"Apa tanda perjanjian Allah dengan Nuh setelah banjir?","Pelangi","Bintang","Matahari","Bulan","A","Genesis 9:12-17"
1,"Siapa tiga anak Nuh?","Sem, Ham, Yafet","Kain, Abel, Set","Sem, Ham, Kanaan","A","Genesis 9:18"
1,"Apa yang Ham lakukan yang menyebabkan kutukan kepada Kanaan?","Mencuri","Memukul Nuh","Melihat Nuh telanjang","Menipu","C","Genesis 9:22-25"
1,"Apa yang manusia cuba bina untuk mencapai langit?","Menara Babel","Taman Eden","Kuil","Bahtera","A","Genesis 11:4"
1,"Apa yang Allah lakukan untuk menghentikan pembinaan Menara Babel?","Menggantikan pemimpin","Menghancurkan menara","Mengacaukan bahasa","Menghantar banjir","C","Genesis 11:7-9"
1,"Siapa yang dipanggil Allah untuk meninggalkan tanahnya dan pergi ke Kanaan?","Abram","Nuh","Lot","Ishak","A","Genesis 12:1"
1,"Berapa umur Abram ketika dia meninggalkan Haran?","75 tahun","50 tahun","100 tahun","120 tahun","A","Genesis 12:4"
1,"Siapa isteri Abram?","Sarai","Hagar","Keturah","Rebekah","A","Genesis 12:5"
1,"Ke mana Abram pergi semasa kelaparan di Kanaan?","Mesir","Babel","Filistia","Haran","A","Genesis 12:10"
1,"Apa yang Abram katakan tentang Sarai kepada Firaun?","Isterinya","Kakaknya","Anaknya","Ibu mertuanya","B","Genesis 12:13"
1,"Siapa anak saudara Abram yang ikut bersamanya?","Lot","Ishak","Yakub","Esaul","A","Genesis 12:5"
1,"Apa yang menyebabkan Abram dan Lot berpisah?","Pertengkaran antara gembala","Kelaparan","Perang","Banjir","A","Genesis 13:7"
1,"Ke mana Lot memilih untuk tinggal setelah berpisah dengan Abram?","Sodom dan Gomora","Kanaan","Haran","Mesir","A","Genesis 13:10-12"
1,"Apa yang Allah janjikan kepada Abram tentang keturunannya?","Seperti bintang di langit","Seperti batu","Seperti pohon","Seperti sungai","A","Genesis 15:5"
1,"Siapa hamba perempuan Sarai yang diberikan kepada Abram?","Hagar","Keturah","Bilhah","Zilpa","A","Genesis 16:1"
1,"Siapa anak Abram dengan Hagar?","Ishak","Ismael","Yakub","Esaul","B","Genesis 16:15"
1,"Berapa umur Abram ketika Ismael dilahirkan?","86 tahun","75 tahun","100 tahun","120 tahun","A","Genesis 16:16"
1,"Apa nama baru yang Allah berikan kepada Abram?","Abraham","Abimelekh","Ishak","Yakub","A","Genesis 17:5"
1,"Apa nama baru Sarai setelah perjanjian Allah?","Sara","Hagar","Keturah","Rebekah","A","Genesis 17:15"
1,"Apa tanda perjanjian yang Allah perintahkan kepada Abraham?","Sunat","Baptisan","Puasa","Sembahyang","A","Genesis 17:10"
1,"Siapa anak yang Allah janjikan kepada Abraham dan Sara?","Ishak","Ismael","Yakub","Esaul","A","Genesis 17:19"
1,"Berapa umur Abraham ketika Ishak dilahirkan?","100 tahun","86 tahun","120 tahun","75 tahun","A","Genesis 21:5"
1,"Apa yang Abraham lakukan dengan Hagar dan Ismael?","Menyuruh mereka pergi","Mengahwini Hagar","Menghantar mereka ke Mesir","Memberi mereka tanah","A","Genesis 21:14"
1,"Apa yang Allah perintahkan Abraham untuk lakukan dengan Ishak?","Mengorbankannya","Menghantarnya ke Mesir","Memberinya tanah","Menamakan semula","A","Genesis 22:2"
1,"Apa yang Allah sediakan sebagai ganti Ishak untuk korban?","Domba","Biri-biri","Kambing","Lembu","A","Genesis 22:13"
1,"Siapa isteri Ishak?","Rebekah","Rakel","Lea","Bilhah","A","Genesis 24:67"
1,"Siapa yang diutus Abraham untuk mencari isteri bagi Ishak?","Eliezer","Lot","Abimelekh","Laban","A","Genesis 24:2-4"
1,"Di mana Eliezer bertemu dengan Rebekah?","Sumur","Taman","Pasar","Gunung","A","Genesis 24:15"
1,"Siapa bapa kepada Rebekah?","Laban","Betuel","Nahor","Terah","B","Genesis 24:24"
1,"Berapa umur Ishak ketika dia berkahwin dengan Rebekah?","40 tahun","25 tahun","60 tahun","100 tahun","A","Genesis 25:20"
1,"Siapa dua anak Ishak dan Rebekah?","Yakub dan Esaul","Ishak dan Ismael","Set dan Kain","Yosua dan Kaleb","A","Genesis 25:24-26"
1,"Apa yang Esaul jual kepada Yakub untuk semangkuk sup?","Hak kesulungan","Tanah","Harta","Karunia","A","Genesis 25:29-34"
1,"Siapa yang lebih tua antara Yakub dan Esaul?","Esaul","Yakub","Kedua-duanya kembar","Yakub lebih tua","A","Genesis 25:25-26"
1,"Apa yang Yakub gunakan untuk menipu Ishak bagi mendapatkan berkat?","Kulit kambing","Tanah liat","Bulu domba","Daun","C","Genesis 27:16"
1,"Siapa yang membantu Yakub menipu Ishak?","Rebekah","Laban","Lea","Rakel","A","Genesis 27:6-10"
1,"Ke mana Yakub melarikan diri setelah menipu Esaul?","Haran","Mesir","Sodom","Kanaan","A","Genesis 27:43"
1,"Apa yang Yakub lihat dalam mimpinya di Betel?","Tangga ke syurga","Bahtera","Pelangi","Api","A","Genesis 28:12"
1,"Siapa yang Yakub jumpai di Haran?","Laban","Lot","Abimelekh","Eliezer","A","Genesis 29:5"
1,"Siapa dua anak perempuan Laban?","Lea dan Rakel","Hagar dan Keturah","Sara dan Rebekah","Bilhah dan Zilpa","A","Genesis 29:16"
1,"Berapa tahun Yakub bekerja untuk berkahwin dengan Rakel?","7 tahun","14 tahun","3 tahun","20 tahun","B","Genesis 29:20-30"
1,"Siapa isteri pertama Yakub?","Lea","Rakel","Bilhah","Zilpa","A","Genesis 29:23"
1,"Siapa anak pertama Yakub dengan Lea?","Ruben","Yusuf","Benyamin","Dan","A","Genesis 29:32"
1,"Siapa hamba perempuan Rakel yang diberikan kepada Yakub?","Bilhah","Zilpa","Hagar","Keturah","A","Genesis 30:3"
1,"Siapa anak Yakub dengan Bilhah?","Dan","Naphtali","Kedua-duanya","Tidak ada","C","Genesis 30:6-8"
1,"Siapa hamba perempuan Lea yang diberikan kepada Yakub?","Zilpa","Bilhah","Hagar","Keturah","A","Genesis 30:9"
1,"Siapa anak Yakub dengan Zilpa?","Gad","Asyer","Kedua-duanya","Tidak ada","C","Genesis 30:11-13"
1,"Siapa anak Yakub yang paling disayangi?","Yusuf","Benyamin","Ruben","Dan","A","Genesis 37:3"
1,"Apa yang Yakub berikan kepada Yusuf yang menimbulkan iri hati adik-beradiknya?","Jubah berwarna-warni","Cincin","Domba","Tanah","A","Genesis 37:3"
1,"Apa yang adik-beradik Yusuf lakukan kepadanya?","Menjualnya","Membunuhnya","Meninggalkannya di hutan","Memberinya harta","A","Genesis 37:28"
1,"Kepada siapa adik-beradik Yusuf menjualnya?","Orang Mesir","Orang Midian","Orang Filistia","Orang Kanaan","B","Genesis 37:28"
1,"Apa yang Yusuf katakan kepada adik-beradiknya tentang perbuatan mereka?","Allah menghantar saya","Bunuh saya","Kutuk kamu","Tinggalkan saya","A","Genesis 45:5"
1,"Berapa umur Yakub ketika dia pergi ke Mesir untuk bertemu Yusuf?","130 tahun","100 tahun","75 tahun","40 tahun","A","Genesis 47:9"
1,"Siapa dua anak Yusuf yang diberkati oleh Yakub?","Manasye dan Efraim","Ishak dan Ismael","Dan dan Naphtali","Gad dan Asyer","A","Genesis 48:5"
1,"Apa yang Yakub lakukan terhadap Manasye dan Efraim?","Menamakan mereka","Mengorbankan mereka","Memberkati mereka","Menghantar mereka ke Kanaan","C","Genesis 48:14-20"
1,"Berapa umur Yakub ketika dia meninggal?","147 tahun","130 tahun","100 tahun","75 tahun","A","Genesis 47:28"
1,"Di mana Yakub dikebumikan?","Kanaan","Mesir","Haran","Betel","A","Genesis 49:29-30"
1,"Apa yang Yusuf minta kepada adik-beradiknya sebelum dia meninggal?","Bawa tulang saya ke Kanaan","Tinggalkan saya di Mesir","Berkati anak saya","Jual harta saya","A","Genesis 50:25"
1,"Berapa umur Yusuf ketika dia meninggal?","110 tahun","130 tahun","147 tahun","75 tahun","A","Genesis 50:26"
book_id,question_text,option_a,option_b,option_c,option_d,correct_answer,reference
1,"Apakah maksud pakaian kulit yang Allah buat untuk Adam dan Hawa dalam Kejadian 3:21?","Fesyen pertama","Dosa mereka ditutup","Yesus Kristus sebagai korban ganti","Suatu hukuman","C","Genesis 3:21"
1,"Apakah yang ditunjukkan oleh penciptaan manusia menurut gambar Allah dalam Kejadian 1:26-27?","Manusia sama dengan Allah","Manusia mempunyai kuasa untuk mencipta","Manusia dicipta untuk memuliakan Allah","Manusia tidak berdosa","C","Genesis 1:26-27"
1,"Menurut Kejadian 1, apakah tujuan utama Allah menciptakan dunia menurut Westminster Shorter Catechism?","Untuk keseronokan manusia","Untuk mempamerkan kuasa Allah","Untuk kemuliaan Allah","Untuk menguji manusia","C","Genesis 1:1"
1,"Apakah yang ditunjukkan oleh larangan makan buah pengetahuan baik dan jahat dalam Kejadian 2:17?","Ketaatan kepada Allah","Kepintaran manusia","Kebutuhan untuk berusaha","Kebebasan tanpa batas","A","Genesis 2:17"
1,"Apakah akibat dosa Adam menurut Kejadian 3 yang berkaitan dengan Westminster Confession of Faith?","Kematian rohani dan jasmani","Kehilangan harta","Perang antara manusia","Kerosakan alam sahaja","A","Genesis 3:19"
1,"Bagaimana Kejadian 3:15 merujuk kepada Yesus Kristus menurut teologi Reformed?","Iblis akan menang","Keturunan perempuan akan menghancurkan ular","Manusia akan bertaubat","Allah akan menghukum semua","B","Genesis 3:15"
1,"Apakah yang dilambangkan oleh pohon kehidupan dalam Kejadian 2:9 menurut pandangan Reformed?","Kehidupan kekal","Harta dunia","Kebijaksanaan","Kebebasan manusia","A","Genesis 2:9"
1,"Apakah yang ditunjukkan oleh banjir besar pada zaman Nuh menurut Kejadian 6-9 dalam konteks penghakiman Allah?","Kasih Allah kepada semua","Keadilan dan murka Allah","Kebutuhan untuk bahtera","Kerosakan alam semata-mata","B","Genesis 6:5-7"
1,"Apakah perjanjian Allah dengan Nuh selepas banjir dalam Kejadian 9:12-17 menunjukkan?","Allah melupai manusia","Allah setia pada janji-Nya","Manusia harus membina bahtera lagi","Tiada lagi banjir","B","Genesis 9:12-17"
1,"Apakah yang ditunjukkan oleh Menara Babel dalam Kejadian 11 berkaitan dengan dosa manusia?","Kebanggaan dan pemberontakan","Kecerdasan manusia","Keinginan untuk bersatu","Kebutuhan untuk teknologi","A","Genesis 11:4"
1,"Apakah yang dimaksudkan dengan ""keturunan perempuan"" dalam Kejadian 3:15 menurut Westminster Larger Catechism?","Yesus Kristus","Adam","Hawa","Kain","A","Genesis 3:15"
1,"Apakah yang ditunjukkan oleh penciptaan Hawa dari tulang rusuk Adam dalam Kejadian 2:21-22?","Kesetiaan dalam perkahwinan","Kesaksamaan antara lelaki dan perempuan","Kekuatan lelaki","Kebebasan perempuan","B","Genesis 2:21-22"
1,"Apakah yang dimaksudkan dengan ""Allah melihat segala yang dijadikan-Nya baik"" dalam Kejadian 1:31?","Allah membuat kesilapan","Allah mencipta dunia yang sempurna","Dunia tidak memerlukan manusia","Manusia boleh mengubah ciptaan","B","Genesis 1:31"
1,"Bagaimana Kejadian 3 menunjukkan asal usul dosa menurut Westminster Shorter Catechism?","Dosa bermula dari Allah","Dosa bermula dari Iblis","Dosa bermula dari ketidaktaatan manusia","Dosa tidak wujud","C","Genesis 3:6"
1,"Apakah yang ditunjukkan oleh tanda sunat dalam perjanjian Allah dengan Abraham (Kejadian 17)?","Tanda fizikal sahaja","Tanda perjanjian keselamatan","Tanda kekayaan","Tanda hukuman","B","Genesis 17:10-11"
1,"Apakah yang ditunjukkan oleh pengorbanan Ishak dalam Kejadian 22 menurut teologi Reformed?","Ketaatan Abraham","Korban Yesus di kayu salib","Kedua-duanya","Tiada makna","C","Genesis 22:1-14"
1,"Apakah yang dilambangkan oleh domba yang disediakan Allah sebagai ganti Ishak dalam Kejadian 22:13?","Yesus sebagai korban ganti","Kekayaan Abraham","Kuasa Allah","Hukuman Allah","A","Genesis 22:13"
1,"Bagaimana Kejadian 1:1 berkaitan dengan soalan pertama Westminster Shorter Catechism?","Manusia dicipta untuk memuliakan Allah","Allah mencipta segalanya","Manusia berdosa","Allah menghukum dunia","A","Genesis 1:1"
1,"Apakah yang ditunjukkan oleh perpisahan antara Abram dan Lot dalam Kejadian 13?","Ketaatan kepada Allah","Konflik kerana dosa","Kebutuhan untuk harta","Kekuatan iman","B","Genesis 13:7-12"
1,"Apakah yang ditunjukkan oleh perjanjian Allah dengan Abraham dalam Kejadian 15 menurut teologi Reformed?","Allah setia pada janji-Nya","Manusia harus bekerja keras","Abraham lebih suci","Tiada perjanjian sebenar","A","Genesis 15:18"
1,"Apakah yang ditunjukkan oleh kelahiran Ishak dalam Kejadian 21 menurut Westminster Larger Catechism?","Keajaiban Allah","Kuasa manusia","Ketidaktaatan Sara","Tiada makna","A","Genesis 21:1-3"
1,"Bagaimana Kejadian 3:19 berkaitan dengan kematian menurut Westminster Confession of Faith?","Kematian adalah hukuman dosa","Kematian adalah semula jadi","Kematian tiada kaitan dengan dosa","Kematian boleh dielakkan","A","Genesis 3:19"
1,"Apakah yang ditunjukkan oleh tangga dalam mimpi Yakub di Betel (Kejadian 28:12)?","Yesus sebagai pengantara","Kekayaan Yakub","Kuasa malaikat","Tiada makna","A","Genesis 28:12"
1,"Apakah yang ditunjukkan oleh hak kesulungan yang Esaul jual kepada Yakub dalam Kejadian 25:29-34?","Esaul menghormati Yakub","Esaul tidak menghargai berkat rohani","Yakub menipu Esaul","Tiada makna","B","Genesis 25:29-34"
1,"Apakah yang ditunjukkan oleh penipuan Yakub terhadap Ishak dalam Kejadian 27 menurut teologi Reformed?","Dosa Yakub","Kuasa Allah dalam rancangan-Nya","Kedua-duanya","Tiada dosa","C","Genesis 27:18-29"
1,"Bagaimana Kejadian 12:1-3 berkaitan dengan perjanjian anugerah menurut Westminster Confession of Faith?","Allah memilih Abraham untuk berkat semua bangsa","Abraham dipilih kerana kebaikannya","Tiada perjanjian","Allah menghukum Abraham","A","Genesis 12:1-3"
1,"Apakah yang ditunjukkan oleh pelangi dalam Kejadian 9:13 menurut pandangan Reformed?","Tanda perjanjian Allah","Tanda keindahan alam","Tanda hukuman","Tanda banjir","A","Genesis 9:13"
1,"Apakah yang ditunjukkan oleh kejatuhan Adam dan Hawa dalam Kejadian 3 menurut Westminster Shorter Catechism?","Dosa asal yang mempengaruhi semua manusia","Manusia boleh selamat sendiri","Tiada dosa","Allah tidak adil","A","Genesis 3:6"
1,"Apakah yang ditunjukkan oleh penciptaan pada hari ketujuh dalam Kejadian 2:2-3?","Allah berehat dan menetapkan hari Sabat","Allah berhenti mencipta","Allah mencipta malaikat","Tiada makna","A","Genesis 2:2-3"
1,"Apakah yang ditunjukkan oleh kutukan kepada Kanaan dalam Kejadian 9:25?","Akibat dosa Ham","Keadilan Allah","Kedua-duanya","Tiada makna","C","Genesis 9:25"
1,"Apakah yang ditunjukkan oleh penolakan Kain oleh Allah dalam Kejadian 4:5?","Kain tidak memberikan yang terbaik","Kain tidak bertaubat","Kedua-duanya","Tiada sebab","C","Genesis 4:5"
1,"Apakah yang ditunjukkan oleh kehidupan Henokh dalam Kejadian 5:24 menurut Westminster Larger Catechism?","Iman yang menyenangkan Allah","Kehidupan tanpa dosa","Kuasa manusia","Tiada makna","A","Genesis 5:24"
1,"Apakah yang ditunjukkan oleh pemberian jubah berwarna-warni kepada Yusuf dalam Kejadian 37:3?","Kasih Yakub kepada Yusuf","Kebanggaan Yusuf","Kedua-duanya","Tiada makna","C","Genesis 37:3"
1,"Apakah yang ditunjukkan oleh penjualan Yusuf oleh adik-beradiknya dalam Kejadian 37:28?","Dosa iri hati","Penyelamatan Allah melalui Yusuf","Kedua-duanya","Tiada dosa","C","Genesis 37:28"
1,"Apakah yang ditunjukkan oleh kelaparan di Kanaan dalam Kejadian 12:10?","Ujian iman Abram","Kekurangan harta","Tiada makna","Hukuman Allah","A","Genesis 12:10"
1,"Apakah yang ditunjukkan oleh kelahiran Ismael dalam Kejadian 16 menurut Westminster Confession of Faith?","Ketidaksabaran manusia","Kuasa Allah","Tiada makna","Hukuman kepada Hagar","A","Genesis 16:15"
1,"Apakah yang ditunjukkan oleh perjumpaan Abraham dengan Melkisedek dalam Kejadian 14:18-20?","Yesus sebagai Imam Besar","Kekayaan Abraham","Kuasa Melkisedek","Tiada makna","A","Genesis 14:18-20"
1,"Bagaimana Kejadian 1:26-27 berkaitan dengan soalan kedua Westminster Shorter Catechism?","Allah mencipta manusia menurut gambar-Nya","Manusia berdosa","Allah menghukum manusia","Tiada kaitan","A","Genesis 1:26-27"
1,"Apakah yang ditunjukkan oleh pembunuhan Abel oleh Kain dalam Kejadian 4:8?","Dosa iri hati","Kekurangan iman","Kedua-duanya","Tiada dosa","C","Genesis 4:8"
1,"Apakah yang ditunjukkan oleh tanda pada Kain dalam Kejadian 4:15?","Belas kasihan Allah","Keadilan Allah","Kedua-duanya","Tiada makna","C","Genesis 4:15"
1,"Apakah yang ditunjukkan oleh kehidupan Nuh menurut Kejadian 6:9?","Iman dan ketaatan kepada Allah","Kekayaan Nuh","Kuasa manusia","Tiada makna","A","Genesis 6:9"
1,"Apakah yang ditunjukkan oleh banjir besar dalam Kejadian 7 menurut Westminster Larger Catechism?","Murka Allah terhadap dosa","Kuasa alam","Tiada makna","Kebaikan manusia","A","Genesis 7:17-23"
1,"Apakah yang ditunjukkan oleh perjanjian Allah dengan Abraham dalam Kejadian 17 menurut teologi Reformed?","Perjanjian anugerah","Kuasa manusia","Tiada perjanjian","Hukuman kepada Abraham","A","Genesis 17:7"
1,"Apakah yang ditunjukkan oleh pemberian nama Abraham dalam Kejadian 17:5?","Perjanjian baru","Kekayaan Abraham","Tiada makna","Hukuman Allah","A","Genesis 17:5"
1,"Apakah yang ditunjukkan oleh ketaatan Abraham dalam Kejadian 22 menurut Westminster Shorter Catechism?","Iman sejati","Kekayaan Abraham","Kuasa manusia","Tiada makna","A","Genesis 22:1-14"
1,"Apakah yang ditunjukkan oleh perjalanan Eliezer untuk mencari isteri bagi Ishak dalam Kejadian 24?","Penyelamatan Allah","Ketaatan Eliezer","Kedua-duanya","Tiada makna","C","Genesis 24:1-67"
1,"Apakah yang ditunjukkan oleh kelahiran Yakub dan Esaul dalam Kejadian 25:24-26?","Rancangan Allah","Kekayaan Ishak","Tiada makna","Hukuman kepada Rebekah","A","Genesis 25:24-26"
1,"Apakah yang ditunjukkan oleh perkahwinan Yakub dengan Lea dan Rakel dalam Kejadian 29?","Rancangan Allah","Dosa Yakub","Kedua-duanya","Tiada makna","C","Genesis 29:23-30"
1,"Apakah yang ditunjukkan oleh kelahiran Yusuf dalam Kejadian 30:24?","Keajaiban Allah","Kekayaan Yakub","Tiada makna","Hukuman kepada Rakel","A","Genesis 30:24"
1,"Apakah yang ditunjukkan oleh kehidupan Yusuf di Mesir dalam Kejadian 41 menurut Westminster Confession of Faith?","Penyelamatan Allah","Kekayaan Yusuf","Tiada makna","Hukuman kepada adik-beradiknya","A","Genesis 41:46-57"
1,"Apakah yang ditunjukkan oleh kematian Yakub dalam Kejadian 49:33?","Iman kepada janji Allah","Kekayaan Yakub","Tiada makna","Hukuman kepada Yakub","A","Genesis 49:33"
1,"Apakah yang ditunjukkan oleh kematian Yusuf dalam Kejadian 50:26?","Harapan kepada janji Allah","Kekayaan Yusuf","Tiada makna","Hukuman kepada Yusuf","A","Genesis 50:26"
1,"Apakah yang ditunjukkan oleh penciptaan manusia pada hari keenam dalam Kejadian 1:26-31 menurut Westminster Larger Catechism?","Manusia dicipta untuk memuliakan Allah","Manusia lebih mulia daripada Allah","Manusia tidak berdosa","Tiada makna","A","Genesis 1:26-31"
1,"Apakah yang ditunjukkan oleh peristiwa Sodom dan Gomora dalam Kejadian 19 menurut teologi Reformed?","Murka Allah terhadap dosa","Kuasa Abraham","Tiada makna","Kebaikan Lot","A","Genesis 19:24-25"
1,"Apakah yang ditunjukkan oleh perjumpaan Abraham dengan tiga orang asing dalam Kejadian 18?","Kedatangan Yesus","Kuasa Abraham","Kasih Allah kepada Sodom","Tiada makna","A","Genesis 18:1-2"
1,"Apakah yang ditunjukkan oleh pengusiran Hagar dan Ismael dalam Kejadian 21:14?","Rancangan Allah","Dosa Sara","Tiada makna","Hukuman kepada Hagar","A","Genesis 21:14"
1,"Apakah yang ditunjukkan oleh penamaan Betel oleh Yakub dalam Kejadian 28:19?","Kehadiran Allah","Kekayaan Yakub","Tiada makna","Hukuman kepada Yakub","A","Genesis 28:19"
1,"Apakah yang ditunjukkan oleh pemberian berkat Yakub kepada Efraim dan Manasye dalam Kejadian 48?","Rancangan Allah","Kekayaan Yusuf","Tiada makna","Hukuman kepada Efraim","A","Genesis 48:14-20"
1,"Apakah yang ditunjukkan oleh perjalanan keluarga Yakub ke Mesir dalam Kejadian 46?","Penyelamatan Allah","Kekayaan Yakub","Tiada makna","Hukuman kepada Yakub","A","Genesis 46:1-7"
1,"Apakah yang ditunjukkan oleh peristiwa Kain dan Abel dalam Kejadian 4 menurut Westminster Shorter Catechism?","Dosa iri hati","Kekurangan iman","Kedua-duanya","Tiada makna","C","Genesis 4:1-8"
1,"Apakah yang ditunjukkan oleh kehidupan Metusalah dalam Kejadian 5:27?","Umur panjang sebagai berkat","Kuasa manusia","Tiada makna","Hukuman kepada Metusalah","A","Genesis 5:27"
1,"Apakah yang ditunjukkan oleh pemberian nama kepada binatang oleh Adam dalam Kejadian 2:19-20?","Kuasa yang diberikan Allah","Kekayaan Adam","Tiada makna","Hukuman kepada Adam","A","Genesis 2:19-20"
1,"Apakah yang ditunjukkan oleh peristiwa Menara Babel dalam Kejadian 11 menurut Westminster Larger Catechism?","Kebanggaan manusia","Kuasa Allah","Kedua-duanya","Tiada makna","C","Genesis 11:1-9"
1,"Apakah yang ditunjukkan oleh perjanjian Allah dengan Nuh dalam Kejadian 9 menurut Westminster Confession of Faith?","Allah setia pada janji-Nya","Kuasa Nuh","Tiada makna","Hukuman kepada Nuh","A","Genesis 9:12-17"
1,"Apakah yang ditunjukkan oleh pemberian nama Ishak dalam Kejadian 17:19?","Harapan kepada janji Allah","Kekayaan Abraham","Tiada makna","Hukuman kepada Sara","A","Genesis 17:19"
1,"Apakah yang ditunjukkan oleh peristiwa Abraham dan Abimelekh dalam Kejadian 20?","Dosa Abraham","Penyelamatan Allah","Kedua-duanya","Tiada makna","C","Genesis 20:1-18"
1,"Apakah yang ditunjukkan oleh pemberian nama kepada Esau dan Yakub dalam Kejadian 25:25-26?","Rancangan Allah","Kekayaan Ishak","Tiada makna","Hukuman kepada Rebekah","A","Genesis 25:25-26"
1,"Apakah yang ditunjukkan oleh perjalanan Yakub ke Haran dalam Kejadian 28?","Penyelamatan Allah","Dosa Yakub","Kedua-duanya","Tiada makna","C","Genesis 28:10-15"
1,"Apakah yang ditunjukkan oleh pemberian nama kepada Ruben dalam Kejadian 29:32?","Harapan Lea","Kekayaan Yakub","Tiada makna","Hukuman kepada Lea","A","Genesis 29:32"
1,"Apakah yang ditunjukkan oleh pemberian nama kepada Dan dalam Kejadian 30:6?","Harapan Bilhah","Kekayaan Yakub","Tiada makna","Hukuman kepada Bilhah","A","Genesis 30:6"
1,"Apakah yang ditunjukkan oleh pemberian nama kepada Gad dalam Kejadian 30:11?","Harapan Zilpa","Kekayaan Yakub","Tiada makna","Hukuman kepada Zilpa","A","Genesis 30:11"
1,"Apakah yang ditunjukkan oleh pemberian nama kepada Yusuf dalam Kejadian 30:24?","Harapan Rakel","Kekayaan Yakub","Tiada makna","Hukuman kepada Rakel","A","Genesis 30:24"
1,"Apakah yang ditunjukkan oleh pemberian nama kepada Benyamin dalam Kejadian 35:18?","Kesedihan Rakel","Kekayaan Yakub","Tiada makna","Hukuman kepada Rakel","A","Genesis 35:18"
1,"Apakah yang ditunjukkan oleh pemberian berkat Yakub kepada anak-anaknya dalam Kejadian 49?","Rancangan Allah","Kekayaan Yakub","Tiada makna","Hukuman kepada anak-anaknya","A","Genesis 49:1-28"
1,"Apakah yang ditunjukkan oleh perjalanan Yusuf ke Mesir dalam Kejadian 39?","Penyelamatan Allah","Kekayaan Yusuf","Tiada makna","Hukuman kepada Yusuf","A","Genesis 39:1-23"
1,"Apakah yang ditunjukkan oleh pemberian nama kepada Efraim dalam Kejadian 41:52?","Harapan Yusuf","Kekayaan Yusuf","Tiada makna","Hukuman kepada Yusuf","A","Genesis 41:52"
1,"Apakah yang ditunjukkan oleh pemberian nama kepada Manasye dalam Kejadian 41:51?","Harapan Yusuf","Kekayaan Yusuf","Tiada makna","Hukuman kepada Yusuf","A","Genesis 41:51"
1,"Apakah yang ditunjukkan oleh perjumpaan Yusuf dengan adik-beradiknya dalam Kejadian 45?","Penyelamatan Allah","Dosa adik-beradik","Kedua-duanya","Tiada makna","C","Genesis 45:1-15"
1,"Apakah yang ditunjukkan oleh pemberian tanah Gosyen kepada keluarga Yakub dalam Kejadian 47?","Penyelamatan Allah","Kekayaan Yusuf","Tiada makna","Hukuman kepada Yakub","A","Genesis 47:6"
1,"Apakah yang ditunjukkan oleh kematian Abraham dalam Kejadian 25:8?","Iman kepada janji Allah","Kekayaan Abraham","Tiada makna","Hukuman kepada Abraham","A","Genesis 25:8"
1,"Apakah yang ditunjukkan oleh kematian Sara dalam Kejadian 23:2?","Kesedihan Abraham","Kekayaan Abraham","Tiada makna","Hukuman kepada Sara","A","Genesis 23:2"
1,"Apakah yang ditunjukkan oleh kematian Ishak dalam Kejadian 35:29?","Iman kepada janji Allah","Kekayaan Ishak","Tiada makna","Hukuman kepada Ishak","A","Genesis 35:29"
1,"Apakah yang ditunjukkan oleh pemberian nama kepada Set dalam Kejadian 4:25?","Harapan Hawa","Kekayaan Adam","Tiada makna","Hukuman kepada Hawa","A","Genesis 4:25"
1,"Apakah yang ditunjukkan oleh pemberian nama kepada Nuh dalam Kejadian 5:29?","Harapan Lamekh","Kekayaan Lamekh","Tiada makna","Hukuman kepada Lamekh","A","Genesis 5:29"
1,"Apakah yang ditunjukkan oleh pemberian nama kepada Sem dalam Kejadian 9:18?","Harapan Nuh","Kekayaan Nuh","Tiada makna","Hukuman kepada Sem","A","Genesis 9:18"
1,"Apakah yang ditunjukkan oleh pemberian nama kepada Ham dalam Kejadian 9:18?","Harapan Nuh","Kekayaan Nuh","Tiada makna","Hukuman kepada Ham","A","Genesis 9:18"
1,"Apakah yang ditunjukkan oleh pemberian nama kepada Yafet dalam Kejadian 9:18?","Harapan Nuh","Kekayaan Nuh","Tiada makna","Hukuman kepada Yafet","A","Genesis 9:18"